UserName,Handle,Timestamp,comment,responding,images,Comments,Likes,Retweets
Pinned Tweet,@Accenture,2022-03-16T11:00:02.000Z,"Accenture
@Accenture
·
Mar 16"," Out now: our 2022 #TechVision report, all about the #metaverse. 

Find it here: https://accntu.re/3KOE0CY
ALT
14
71
161",https://pbs.twimg.com/media/FN91XcDWUAEFdlT?format=jpg&name=small,14,71,161
Accenture,@Accenture,2022-04-27T16:27:02.000Z,"Accenture
@Accenture
·
1h","From Simone Biles's withdrawal from the Olympics to a coworker opening up about their mental health challenges, there's been an increasing willingness for dialogue around our wellbeing. Here's what that means for companies, brands and individuals: https://accntu.re/3KZUadg
ALT",https://pbs.twimg.com/media/FRXS_ABXwAAdzNp?format=jpg&name=small,,,
Accenture,@Accenture,2022-04-26T10:00:11.000Z,"Accenture
@Accenture
·
Apr 26","#VisibilityMatters this #LDOV and every day, we celebrate the Pride community around the  and the courage it takes to live openly and authentically. Meet three inspiring women who reflect on visibility, allyship and authenticity. https://accntu.re/3xOLr9Z ‍  #PrideAtAccenture
5
15",https://pbs.twimg.com/media/FRQw2aaXEAIvAZT.jpg,,5,15
Accenture,@Accenture,2022-04-06T11:13:09.000Z,"Accenture
@Accenture
·
Apr 6","Adapting to the realities of #ClimateChange is just one of the new skillsets that mining and metals companies will need to hire for in the next decade. Learn more: https://accntu.re/3j7TRkm  #FutureWorkforce
1
2
19",https://pbs.twimg.com/media/FPqBwVDXoAE4oi0?format=jpg&name=small,1,2,19
Accenture Retweeted,@axios,2022-04-05T18:35:57.000Z,"Axios
@axios
·
Apr 5","CEO 
@juliesweet
: New 
@accenture
 employees complete part of the onboarding process through the metaverse. 

75k people have already done so. #WhatsNextSummit
5
12
34",https://pbs.twimg.com/ext_tw_video_thumb/1511412154062233600/pu/img/1A1oRqq96dgl6u05.jpg,5,12,34
Accenture,@Accenture,2022-04-05T19:26:01.000Z,"Accenture
@Accenture
·
Apr 5","As technology plays a larger role in care, apps like Careology—which helps give cancer patients more control of their experience—can affect how people feel about the treatment and support they get.  

In #FjordTrends 2022 we explore this shift: https://accntu.re/3uFntLc
ALT
4
11",https://pbs.twimg.com/media/FPmo-SZXwAEkrOG?format=png&name=small,,4,11
Accenture,@Accenture,2022-04-05T15:14:46.000Z,"Accenture
@Accenture
·
Apr 5","Which of these powerful forces will have the most impact on shaping #futureworkforce requirements for mining and metals companies?
Technological advances
37.5%
Environmental factors
37.5%
Geopolitical uncertainty
25%
80 votes
·
Final results
1
10",https://pbs.twimg.com/profile_images/1422639280900423684/eqG8iwcG_normal.jpg,1,,10
Accenture,@Accenture,2022-04-05T15:19:59.000Z,"Accenture
@Accenture
·
Apr 5","Find out what other factors are weighing heavily on mining and metals future business models: https://accntu.re/36XEicz
accenture.com
The future of talent for mining and metals | Accenture
Insight into the sector’s labor supply and demand, future workforce profiles, talent journeys, employee value propositions and sourcing options
11",https://pbs.twimg.com/card_img/1518198340621643777/HOzw5DOU?format=jpg&name=small,,,11
Accenture,@Accenture,2022-04-04T14:26:59.000Z,"Accenture
@Accenture
·
Apr 4","#Sustainability and diversity are just the first steps towards attracting #talent in mining and metals. Here’s what this means for the #FutureWorkforce: https://accntu.re/3Drsjjf
accenture.com
The future of talent for mining and metals | Accenture
Insight into the sector’s labor supply and demand, future workforce profiles, talent journeys, employee value propositions and sourcing options
1
19",https://pbs.twimg.com/card_img/1518598326744084480/K_DEdRkM?format=jpg&name=small,,1,19
Accenture,@Accenture,2022-04-04T11:03:01.000Z,"Accenture
@Accenture
·
Apr 4","From collaboration to innovation, the #cloud can help your teams do even more. https://accntu.re/3IJHpBz
1
9
31",https://pbs.twimg.com/media/FPfsQYNXwAMGAs7?format=jpg&name=small,1,9,31
Accenture Retweeted,@GirlsWhoCode,2022-04-01T19:30:01.000Z,"Girls Who Code
@GirlsWhoCode
·
Apr 1","Meet 
@LCailleteau
, the data and AI lead for Europe and the global conversational AI domain head at 
@Accenture
.
harpersbazaar.com
6 indispensable career lessons from a leading woman in tech
As a key leader in Accenture’s data and artificial intelligence operations, Laetitia Cailleteau is brimming with wisdom for women who are working (or looking to work) in tech
14
31",https://pbs.twimg.com/card_img/1515730719615684618/F6POI8Hw?format=jpg&name=small,,14,31
Accenture,@Accenture,2022-03-10T14:15:13.000Z,"Accenture
@Accenture
·
Mar 10","Dr. Isi Idemundia — an #AWS Architect, teacher and mother.  Read her incredible story + learn how you can work like Dr. Isi: https://accntu.re/3CvHS8W #CareersAZ
1
11
29",https://pbs.twimg.com/media/FNfof5VWYAsC8zL.jpg,1,11,29
Accenture,@Accenture,2022-03-08T14:00:02.000Z,"Accenture
@Accenture
·
Mar 8","How can we drive more inclusion and opportunities for women—and, by extension, accelerate equality for all? Our research identifies key steps to help drive better belonging for all: https://accntu.re/3pMMimG #IWD2022
ALT
4
29
52",https://pbs.twimg.com/media/FNVR2QUXoAEpbj4?format=jpg&name=small,4,29,52
Accenture,@Accenture,2022-03-03T20:00:02.000Z,"Accenture
@Accenture
·
Mar 3","How can companies think differently about the Metaverse, 5G and Edge to drive new growth?  
 
Tune in to watch the replay of our #MWC22 LinkedIn live and find out: https://accntu.re/35tuczd
ALT
4
11
41",https://pbs.twimg.com/media/FM80SobX0AYl-w5?format=jpg&name=small,4,11,41
Accenture,@Accenture,2022-03-02T19:30:02.000Z,"Accenture
@Accenture
·
Mar 2","Maintaining and growing consumer trust is  in the mobile payments world. Tune in to watch the replay of our #MWC22 LinkedIn live: https://accntu.re/3Cm1w7D
ALT
2
4
29",https://pbs.twimg.com/media/FM3j1bVXsAACxux?format=jpg&name=small,2,4,29
Accenture Retweeted,@brianjsmyth,2022-03-01T15:14:36.000Z,"Brian J Smyth
@brianjsmyth
·
Mar 1","Enter the Metaverse with 
@Accenture
 at #mwc22! Great to meet clients, partners and media to discuss the evolution of the internet and how the #metaverse is set to change how we live, work and play. See our full programme here https://accenture.com/gb-en/about/events/mwc_barcelona?c=acn_glb_mwcbarcelona202twitter_12823168&n=smc_0122…
2
15
59",https://pbs.twimg.com/ext_tw_video_thumb/1498677207274868739/pu/img/4CdzgtbSRfPL480K.jpg,2,15,59
Accenture,@Accenture,2022-02-28T23:00:02.000Z,"Accenture
@Accenture
·
Feb 28","How can we design the future of multimodal travel with #sustainability at its core? Tune into this replay from day one of #MWC22 to find out: https://accntu.re/3BZ5aDW
ALT
1
6
20",https://pbs.twimg.com/media/FMuAuMPWQAQQBFx?format=jpg&name=small,1,6,20
Accenture,@Accenture,2022-02-28T19:30:05.000Z,"Accenture
@Accenture
·
Feb 28","#MWC22 is officially underway! Our agenda is packed with sessions that will deliver direct insights for industries like manufacturing, mobility, fintech and more. 

Here's what we have planned for the week: https://accntu.re/36PePSe
ALT
ALT
ALT
ALT
6
30",https://pbs.twimg.com/media/FMtQq7WXIAAkgDg?format=jpg&name=360x360,,6,30
Accenture,@Accenture,2022-02-28T18:00:02.000Z,"Accenture
@Accenture
·
Feb 28","We’re going live at #MWC22! Join us for a discussion on consumer payment platforms and the critical role consumer trust plays when creating new offerings in the digital services landscape. https://accntu.re/3hogkbQ #MobilePayments
ALT
7
29",https://pbs.twimg.com/media/FMs8DxNXsAQIUgs?format=jpg&name=small,,7,29
Accenture Retweeted,@NatlGovsAssoc,2022-02-16T15:04:00.000Z,"NGA
@NatlGovsAssoc
·
Feb 16","""There really isn't any place in a company that doesn't require digital skills...not every kid graduating will go to college but every kid is entering a digital economy, so [#CSEd] is a new foundational skill that's critical..."" 
@JulieSweet
, CEO 
@Accenture
 https://nga.org/news/commentary/governors-discuss-computer-science-education-with-secretary-gina-raimondo-and-fortune-500-ceos/…
1
12
29",https://pbs.twimg.com/ext_tw_video_thumb/1493601152625225739/pu/img/gh_qiCts3igmlxUa.jpg,1,12,29
Accenture,@Accenture,2022-02-16T13:45:13.000Z,"Accenture
@Accenture
·
Feb 16","Your burning questions about implementing AI-powered automation—answered. 

Order your copy of The Automation Advantage. https://accntu.re/3uImhZc
5
13",https://pbs.twimg.com/amplify_video_thumb/1493944507666157570/img/4KKAbUxDCNY25rpK.jpg,,5,13
Accenture Retweeted,@jennaezarik,2022-02-15T20:34:51.000Z,"Jenna Ezarik
@jennaezarik
·
Feb 15","To see more career stories that inspire you, check out 
@Accenture
’s Careers A to Z! Make an impactful change with your career. https://c8.io/124WVY #ad
0:56
259.1K views
15
30
206",https://pbs.twimg.com/profile_images/1339995200383377408/zDSObJ5-_normal.jpg,15,30,206
Accenture,@Accenture,2022-02-15T19:00:00.000Z,"Accenture
@Accenture
·
Feb 15","That's it, that's the whole thing. But you've gotta see it to believe it (if you haven't already).
Ad Age
@adage
 · Feb 15
Coinbase aired its first Super Bowl ad, and it definitely got people talking—and scanning.

The 60-second spot features a QR code changing colors and bouncing across the screen, a la the infamous DVD logo. And that’s it, that’s pretty much the whole thing. http://ow.ly/O3C950HUZ1S
1
1
12",https://pbs.twimg.com/profile_images/912682094308012032/9QkafiSn_mini.jpg,1,1,12
Accenture,@Accenture,2022-02-15T18:00:00.000Z,"Accenture
@Accenture
·
Feb 15","For supply chain leaders, warehouse automation is a top priority for digital investment.

How do essential warehouse workers and front-line supervisors feel about that?

We asked them. Here's why it’s actually cause for optimism. https://accntu.re/350wbuf
hbr.org
Research: How Do Warehouse Workers Feel About Automation?
Automated tools that help to lift, sort, and move goods around warehouses can substantially improve efficiency and quality. But how do the millions of workers employed in warehouses around the world...
9
17",https://pbs.twimg.com/card_img/1517784151763656705/8UO3qjCz?format=jpg&name=small,,9,17
Accenture,@Accenture,2022-02-15T15:49:01.000Z,"Accenture
@Accenture
·
Feb 15","By combining human ingenuity with applied intelligence and digital technologies—#IntelligentOperations can empower your people and business. https://accntu.re/3LBdfU0
1
8
18",https://pbs.twimg.com/amplify_video_thumb/1493613276340621313/img/aEkouFdaIj_7LIGZ.jpg,1,8,18
Accenture,@Accenture,2022-02-15T14:00:11.000Z,"Accenture
@Accenture
·
Feb 15","Thrivers know that galvanizing their organization around their collective difference means knowing where to focus, who to rally, and are 67% more likely to provide critical input to growth strategies than their peers. https://accntu.re/3oFWlcS
4
19",https://pbs.twimg.com/media/FLpIfXnXoAMkPSJ.jpg,,4,19
Accenture,@Accenture,2022-02-07T13:00:03.000Z,"Accenture
@Accenture
·
Feb 7","Stakeholders want more from business:
 
 Human connections
 Collective intelligence
 Accountability at all levels
 
Is your company up for the challenge? 
https://accntu.re/3o9MBXV
5
16",https://pbs.twimg.com/media/FK_uA1-X0AE_lIx?format=jpg&name=small,,5,16
Accenture,@Accenture,2022-02-04T19:00:01.000Z,"Accenture
@Accenture
·
Feb 4","Automation is here. What are leaders doing that your enterprise isn’t? 

Learn how to implement AI-powered automation at scale with The Automation Advantage. https://accntu.re/3IFAkCB
3
17",https://pbs.twimg.com/media/FKxjodIWUAMvjCW?format=jpg&name=small,,3,17
Accenture,@Accenture,2022-02-04T18:00:02.000Z,"Accenture
@Accenture
·
Feb 4","Nothing gets past Ebun, our Europe-based #cybersecurity expert. Want to help keep companies safe like Ebun? Explore our careers from A to Z. https://accntu.re/3KMxmy8 #CareersAZ
ALT
2
7",https://pbs.twimg.com/media/FKxV5zWXoAET0nW?format=jpg&name=small,,2,7
Accenture Retweeted,@JimmyEtheredge,2022-02-04T13:13:55.000Z,"Jimmy Etheredge
@JimmyEtheredge
·
Feb 4","Once again, a spotlight shines on 
@Accenture
 hard work on gender equity. Thanks to all involved!
Accenture
@Accenture
 · Jan 26
We are honored to be the highest-scoring company on @Bloomberg LP's Gender-Equality Index. We continue to set goals and hold our leaders accountable for creating a culture of equality where our 674,000 people can advance and thrive. https://accntu.re/3r4UP5Q
ALT
5
38",https://pbs.twimg.com/media/FKCyFnPXsAcrEXN?format=jpg&name=small,,5,38
Accenture,@Accenture,2022-02-04T16:00:00.000Z,"Accenture
@Accenture
·
Feb 4","What’s beyond #cloud migration? A continuum of opportunities and innovation. Learn more: https://accntu.re/3H6WXj1
accenture.com
4 Keys to Cloud Continuum Success | Accenture
Accenture outlines how the cloud continuum creates a seamless technology and capability foundation that leads to cloud success. Read more.
2
12",https://pbs.twimg.com/card_img/1516413816724234249/3hsrjCUS?format=jpg&name=small,,2,12
Accenture,@Accenture,2022-02-03T20:00:02.000Z,"Accenture
@Accenture
·
Feb 3","CEOs are already navigating supply chain disruption from climate change—earlier than they expected. Our new report with United Nations 
@globalcompact
 looks at how business leaders can accelerate their transition to sustainable business models. https://accntu.re/3r41OMa
ALT
1
15",https://pbs.twimg.com/media/FKsnx7wXsAgd3kZ?format=jpg&name=small,,1,15
Accenture,@Accenture,2022-02-03T19:00:01.000Z,"Accenture
@Accenture
·
Feb 3","By better managing people’s everyday work experiences, leaders can go beyond inclusion and make every person feel like they truly belong. Here’s how. #BetterToBelong https://accntu.re/3r3NSBT
1
7
26",https://pbs.twimg.com/media/FKsaCvTXoAE8V1O?format=jpg&name=small,1,7,26
Accenture,@Accenture,2022-01-25T18:00:02.000Z,"Accenture
@Accenture
·
Jan 25","In Norway, one innovative waste management company is breaking down plastic using enzymes, sorting papers with sensors—and revolutionizing recycling. The full story is in our podcast #BuiltForChange: https://accntu.re/33rZQfE
ALT
5
25",https://pbs.twimg.com/media/FJ92AMEXsAMJeCH?format=jpg&name=small,,5,25
Accenture Retweeted,@MWCHub,2022-01-06T14:00:55.000Z,"MWC | #MWC22
@MWCHub
·
Jan 6","We are very excited to introduce the newest feature to #MWC22, Industry City! 

This zone will showcase how the FinTech, Manufacturing, and the Smart Mobility industries are leading in connected technology.

 https://gsma.at/3xHfI8y

Industry City Knowledge Partner - 
@Accenture
3
18",https://pbs.twimg.com/media/FIbJERdXoAIqqaB?format=jpg&name=small,,3,18
Accenture Retweeted,@theinnovator,2022-01-25T15:35:49.000Z,"The Innovator
@theinnovator
·
Jan 25","Learn how to to scale #intelligentautomation across the enterprise and generate top line growth. Read The Innovator's interview with 
@DrBhaskarGhosh
  #Accenture's Chief Strategy Officer, co-author of the just-released book The Automation Advantage.
theinnovator.news
Interview Of The Week: Bhaskar Ghosh, Chief Strategy Officer, Accenture - The Innovator
Bhaskar Ghosh, the co-author of The Automation Advantage, talks about about how to scale intelligent automation across the enterprise.
14
38",https://pbs.twimg.com/card_img/1519001665122168832/1zR1xpux?format=jpg&name=small,,14,38
Accenture,@Accenture,2022-01-25T14:00:14.000Z,"Accenture
@Accenture
·
Jan 25","Discover how Mehmet is doing incredible things in Accenture Interactive to help his clients get the full value of cloud. Want to work like Mehmet? https://accntu.re/32ai6cQ
0:16
659 views
14",https://pbs.twimg.com/profile_images/1422639280900423684/eqG8iwcG_normal.jpg,,,14
Accenture,@Accenture,2022-01-24T20:00:01.000Z,"Accenture
@Accenture
·
Jan 24","Investor and capital influence on #sustainability goals risen sharply over the past five years. In our new report with United Nations 
@GlobalCompact
 CEOs say business can provide the solutions required for the world to tackle climate change. https://accntu.re/3FAWGTY
ALT
1
17",https://pbs.twimg.com/media/FJ5H4IAXEAA3ePd?format=jpg&name=small,,1,17
Accenture,@Accenture,2022-01-24T16:00:03.000Z,"Accenture
@Accenture
·
Jan 24","Some will watch the world change. 
Some will lead it. 

#TechVision2021: Leaders wanted. https://accntu.re/3qDm9aM
ALT
1
4
28",https://pbs.twimg.com/media/FJ4Q83hXsAIK67y?format=jpg&name=small,1,4,28
Accenture,@Accenture,2022-01-24T14:00:15.000Z,"Accenture
@Accenture
·
Jan 24","Action plans.
Case studies.
Strategies.

Learn how to implement intelligent automation to meet your business needs with The Automation Advantage. https://accntu.re/33pdO1P
1
6
23",https://pbs.twimg.com/amplify_video_thumb/1485613372607537153/img/Ocla_oAZf00SSdyA.jpg,1,6,23
Accenture,@Accenture,2022-01-11T21:30:00.000Z,"Accenture
@Accenture
·
Jan 11","Proud to be among America’s Most Just Companies #JUST100 list. Our CEO 
@JulieSweet
 joined 
@SquawkCNBC
 to explain why creating value for all stakeholders is essential to success. Watch 
Squawk Box
@SquawkCNBC
 · Jan 11
""We announced we hired 50,000 people in a single quarter. We are a talent magnet and we believe that is very much related to the fact that people want to go to companies that create value--but also lead with values,"" says @Accenture's @JulieSweet on the #JUST100 $ACN
1
7
51",https://pbs.twimg.com/media/FI00xK0XIAUJE4L.jpg,1,7,51
Accenture,@Accenture,2022-01-11T17:00:28.000Z,"Accenture
@Accenture
·
Jan 11"," Supply unbounded
 Sustainable purpose
 Real virtualities

Are these Signals of business change on your radar? Learn more about them and discover other trends driving business change in our #BusinessFutures2021 report: https://accntu.re/3zyCmkr
4
17",https://pbs.twimg.com/amplify_video_thumb/1480947634332389385/img/_7ZrtytNogQmOoKF.jpg,,4,17
Accenture,@Accenture,2022-01-11T15:18:52.000Z,"Accenture
@Accenture
·
Jan 11","Where are you on your automation journey? 

Learn how to use and scale AI-powered automation to transform your business with The Automation Advantage, out now. https://accntu.re/3tfWgQd
4
22",https://pbs.twimg.com/amplify_video_thumb/1480922112240070666/img/9SePbhOfXltsLs-Y.jpg,,4,22
Accenture,@Accenture,2022-01-11T14:00:12.000Z,"Accenture
@Accenture
·
Jan 11","Thrivers are 2.5x more focused on activating their brand purpose than peers; discarding the long tail of tactics that have diminishing returns to connect with their customers in meaningful ways. https://accntu.re/3F29AtB
0:20
839 views
1
20",https://pbs.twimg.com/amplify_video_thumb/1480902329348075520/img/NNKIDkcy0hBbUpU6.jpg,,1,20
Accenture,@Accenture,2022-01-10T19:00:02.000Z,"Accenture
@Accenture
·
Jan 10","Most companies score just 52 out of 100 on our index for stakeholder-centric behaviors and practices. 
Find out how yours measures up: https://accntu.re/34xL1sh #Sustainability
3
28",https://pbs.twimg.com/media/FIwz42eWUAADrHS?format=jpg&name=small,,3,28
Accenture,@Accenture,2022-01-10T17:22:02.000Z,"Accenture
@Accenture
·
Jan 10","Learn how Management Consultant Harshit partners with a global team to reach no-waste goals in the apparel industry. Want to work like Harshit? https://accntu.re/3zzmVIR
ALT
1
17",https://pbs.twimg.com/media/FIwddUQXwAI-Xeg?format=jpg&name=small,,1,17
Accenture,@Accenture,2022-01-10T14:00:02.000Z,"Accenture
@Accenture
·
Jan 10","Congratulations to our own 
@EllynJShook1
, Chief Leadership and CHRO, on her recent appointment to the Baldwin Risk Partners’ Board of Directors. We are excited for you in this extended role!  https://accntu.re/3f1B6Nu
1
8
58",https://pbs.twimg.com/media/FIvvOayXEAocWx1?format=jpg&name=small,1,8,58
Accenture,@Accenture,2022-01-08T00:00:15.000Z,"Accenture
@Accenture
·
Jan 8","What is Social Commerce and what opportunities does it offer retailers, consumer goods and service brands? Learn more from this #CES2022 session: https://accntu.re/34pMUH7
1
36",https://pbs.twimg.com/media/FIib1UbWYAATDge.jpg,,1,36
Accenture,@Accenture,2021-12-29T18:00:13.000Z,"Accenture
@Accenture
·
Dec 29, 2021","95% of Thrivers have increased their ability to scale at speed vs. 65% of their closest peers. Find out how they are rewiring their organizations for results. https://accntu.re/3DDYqLc
1
4
18",https://pbs.twimg.com/amplify_video_thumb/1476251676457721866/img/zPLnolZA4aiRFv2l.jpg,1,4,18
Accenture,@Accenture,2021-12-29T14:00:03.000Z,"Accenture
@Accenture
·
Dec 29, 2021","CEOs are already navigating supply chain disruption from climate change—earlier than they expected. Our new report with United Nations 
@globalcompact
 looks at how business leaders can accelerate their transition to sustainable business models. https://accntu.re/3rW6QLL
ALT
3
14",https://pbs.twimg.com/media/FHx8JpYXoAUOFK6?format=jpg&name=small,,3,14
Accenture,@Accenture,2021-12-28T21:00:01.000Z,"Accenture
@Accenture
·
Dec 28, 2021","Ever wonder what it’s like to work with 600,000 brilliant minds under one roof? Experience real career stories from our people. https://accntu.re/3lRGnuG #CareersAZ
ALT
9
34",https://pbs.twimg.com/media/FHuSrvrXwAULFiy?format=jpg&name=small,,9,34
Accenture,@Accenture,2021-12-28T19:00:01.000Z,"Accenture
@Accenture
·
Dec 28, 2021","Gary's cool career in #IndustryX helps limit global warming. Want to work like Gary and remove CO2 from the air? Explore our careers from A-Z. https://accntu.re/3rNZOID #CareersAZ
ALT
1
6
21",https://pbs.twimg.com/media/FHt3N56XEAAefn3?format=jpg&name=small,1,6,21
Accenture,@Accenture,2021-12-28T18:00:01.000Z,"Accenture
@Accenture
·
Dec 28, 2021","Check out #BuiltForChange, featuring inspiring stories of companies reinventing business as they build it.

 Listen here: https://accntu.re/3GvfW5W
ALT
3
11",https://pbs.twimg.com/media/FHtpfDTXoAEK4q6?format=jpg&name=small,,3,11
Accenture,@Accenture,2021-12-28T16:00:23.000Z,"Accenture
@Accenture
·
Dec 28, 2021"," Supply unbounded
 Sustainable purpose
 Real virtualities

Are these Signals of business change on your radar? Learn more about them and discover other trends driving business change in our #BusinessFutures2021 report: https://accntu.re/3EFkSoz
1
13",https://pbs.twimg.com/amplify_video_thumb/1475859089804640256/img/JZyVpdecVZaXzHM3.jpg,,1,13
Accenture,@Accenture,2021-12-27T20:00:13.000Z,"Accenture
@Accenture
·
Dec 27, 2021","70% of #CMOs say their teams are burned out. Our new research reveals how to spark new inspiration and change marketing in the process. Read more in The Great Marketing Declutter: https://accntu.re/31MfSjs
1
5
18",https://pbs.twimg.com/amplify_video_thumb/1475557100138946565/img/6g0CO5M-h0MgpiFG.jpg,1,5,18
Accenture,@Accenture,2021-12-14T09:00:00.000Z,"Accenture
@Accenture
·
Dec 14, 2021"," Swipe to learn how we created an elastic, digital workplace for our employees with Microsoft Teams. https://accntu.re/3E2ph3P
accenture.com
Click here to read the full story
4
25",https://pbs.twimg.com/media/FGe0bsqXMAAehjw?format=png&name=small,,4,25
Accenture,@Accenture,2021-12-13T20:00:23.000Z,"Accenture
@Accenture
·
Dec 13, 2021"," Supply unbounded
 Sustainable purpose
 Real virtualities

Are these Signals of business change on your radar? Learn more about them and discover other trends driving business change in our #BusinessFutures2021 report: https://accntu.re/3lPaoLN
2
14",https://pbs.twimg.com/amplify_video_thumb/1470483672394571781/img/cFrlQx0VYI9WfnOx.jpg,,2,14
Accenture,@Accenture,2021-12-13T18:00:01.000Z,"Accenture
@Accenture
·
Dec 13, 2021","One day more being fully operational can make all the difference to your bottom line. 

Read about the Cyber Champions who stop more attacks and fix breaches faster. https://accntu.re/3EEYRWB #Cybersecurity
ALT
2
17",https://pbs.twimg.com/media/FGgZov2XEAUN-K7?format=jpg&name=small,,2,17
Accenture,@Accenture,2021-12-13T15:00:05.000Z,"Accenture
@Accenture
·
Dec 13, 2021","Learn how Management Consultant Harshit partners with a global team to reach no-waste goals in the apparel industry. Want to work like Harshit? https://accntu.re/3lRt25Q
ALT
1
1
18",https://pbs.twimg.com/media/FGfwc9LXEAoHy5h?format=jpg&name=small,1,1,18
Accenture,@Accenture,2021-12-10T20:00:02.000Z,"Accenture
@Accenture
·
Dec 10, 2021","For your weekend listening list! Our #BuiltForChange podcast series features inspiring stories of companies reinventing business as they build it.

 Listen here: https://accntu.re/31sP5Is
ALT
1
8
23",https://pbs.twimg.com/media/FGRYVkuXIAAszRP?format=jpg&name=small,1,8,23
Accenture,@Accenture,2021-12-10T19:00:01.000Z,"Accenture
@Accenture
·
Dec 10, 2021","What’s beyond #cloud migration? A continuum of opportunities and innovation. Learn more: https://accntu.re/3DuLuqZ
accenture.com
4 Keys to Cloud Continuum Success | Accenture
Accenture outlines how the cloud continuum creates a seamless technology and capability foundation that leads to cloud success. Read more.
4
13",https://pbs.twimg.com/card_img/1516413816724234249/3hsrjCUS?format=jpg&name=small,,4,13
Accenture,@Accenture,2021-12-10T17:00:16.000Z,"Accenture
@Accenture
·
Dec 10, 2021"," How can you embed #sustainability and social responsibility into the fabric of your organization?

Here's how to go from having good intentions to delivering on them: https://accntu.re/31fOURm #BusinessFutures2021
2
16",https://pbs.twimg.com/amplify_video_thumb/1469351216010432513/img/Gg6r_zPtk1UW4wdI.jpg,,2,16
Accenture,@Accenture,2021-11-26T19:23:01.000Z,"Accenture
@Accenture
·
Nov 26, 2021","Learn how strong alignment between your #cybersecurity efforts and the business strategy leads to better outcomes for the business AND #CyberResilience. https://accntu.re/3qND1fy
ALT
5
21",https://pbs.twimg.com/media/FFJJm2oXsAgD5jh?format=jpg&name=small,,5,21
Accenture,@Accenture,2021-11-26T15:00:02.000Z,"Accenture
@Accenture
·
Nov 26, 2021","For your weekend listening list! Our #BuiltForChange podcast series features inspiring stories of companies reinventing business as they build it.

 Listen here: https://accntu.re/3csyzum
ALT
2
18",https://pbs.twimg.com/media/FFINadlXEAQs94f?format=jpg&name=small,,2,18
Accenture,@Accenture,2021-11-25T18:30:12.000Z,"Accenture
@Accenture
·
Nov 25, 2021","We're helping businesses see positive value in every direction to benefit the world around us. Join us and make your impact: https://accntu.re/3DsAOtA #LetThereBeChange
2
19",https://pbs.twimg.com/amplify_video_thumb/1463938036446674947/img/-HLhnAChbtMqcSdo.jpg,,2,19
Accenture,@Accenture,2021-11-25T17:00:09.000Z,"Accenture
@Accenture
·
Nov 25, 2021","Our incredible people follow their purpose to make a lasting impact. Find your next career opportunity and explore our stories of change from A to Z. https://accntu.re/3FoeWjE #CareersAZ
0:17
1,430 views
3
15",https://pbs.twimg.com/profile_images/1422639280900423684/eqG8iwcG_normal.jpg,,3,15
Accenture,@Accenture,2021-11-25T16:00:02.000Z,"Accenture
@Accenture
·
Nov 25, 2021"," Helping build sustainable futures.
 Elevating & evolving experiences.
 Embracing change all around us. 

That's 360˚ Value. https://accntu.re/3Cu7l0V #LetThereBeChange
ALT
2
9",https://pbs.twimg.com/media/FFDRjkVXoAMzQCz?format=jpg&name=small,,2,9
Accenture,@Accenture,2021-11-24T19:00:01.000Z,"Accenture
@Accenture
·
Nov 24, 2021","Create a thriving culture of diversity, inclusion and belonging by scaling equitable experiences and focusing on ways to leave your people Net Better Off. https://accntu.re/30DOV1a #BetterToBelong
ALT
4
24",https://pbs.twimg.com/media/FE-xKkmXEAMJujk?format=jpg&name=small,,4,24
Accenture,@Accenture,2021-11-24T16:00:19.000Z,"Accenture
@Accenture
·
Nov 24, 2021"," Supply unbounded
 Sustainable purpose
 Real virtualities

Are these Signals of business change on your radar? Learn more about them and discover other trends driving business change in our #BusinessFutures2021 report: https://accntu.re/3x1NANj
1
3
17",https://pbs.twimg.com/amplify_video_thumb/1463537905549381645/img/YGNBqc7Mt1BHifEt.jpg,1,3,17
Accenture,@Accenture,2021-11-11T19:00:00.000Z,"Accenture
@Accenture
·
Nov 11, 2021","A continuum of opportunities and innovation  

See 4 common ways companies follow to find true value in the #cloud: https://accntu.re/3k9p1c0
accenture.com
4 Keys to Cloud Continuum Success | Accenture
Accenture outlines how the cloud continuum creates a seamless technology and capability foundation that leads to cloud success. Read more.
5
15",https://pbs.twimg.com/card_img/1517200435962351616/DMTSwiVM?format=jpg&name=small,,5,15
Accenture,@Accenture,2021-11-11T18:09:40.000Z,"Accenture
@Accenture
·
Nov 11, 2021","Our leaders create and sustain our culture of equality every day. We are so proud of our 6 Accenture leaders honored on this year's 
@OUTstandingiB
 LGBT+ and Ally Role Models lists. https://accntu.re/3ktR5Xz #OUTRoleModels21 #PrideAtAccenture
5
17
76",https://pbs.twimg.com/media/FD7o-CvWUAY7qF3.jpg,5,17,76
Accenture,@Accenture,2021-11-11T15:57:28.000Z,"Accenture
@Accenture
·
Nov 11, 2021","Climate change represents one of the major current and future challenges for Travel and Tourism worldwide. We’ve collaborated with 
@WTTC
 and the 
@UNEP
 to launch a #NetZero Roadmap and framework for the Travel & Tourism sector: https://accntu.re/3o9u9Ow
ALT
1
4
24",https://pbs.twimg.com/media/FD7Ktj6XIAAS3c_?format=jpg&name=small,1,4,24
Accenture,@Accenture,2021-11-11T14:00:13.000Z,"Accenture
@Accenture
·
Nov 11, 2021","Thrivers are embracing automation (89%) and industrialization (90%) to free themselves from mundane work and focus on the meaningful. Find out how in our new research. https://accntu.re/3COJ4DX
0:20
687 views
5
12",https://pbs.twimg.com/amplify_video_thumb/1458796659694055437/img/550c_lQfa3mzEF-R.jpg,,5,12
Accenture,@Accenture,2021-11-10T19:00:01.000Z,"Accenture
@Accenture
·
Nov 10, 2021","Most companies score just 52 out of 100 on our index for stakeholder-centric behaviors and practices. 
Find out how yours measures up: https://accntu.re/3k9Croo #Sustainability
ALT
6
30",https://pbs.twimg.com/media/FD2q56YXEAIZ6LT?format=jpg&name=small,,6,30
Accenture Retweeted,@globalcompact,2021-11-10T15:19:34.000Z,"UN Global Compact
@globalcompact
·
Nov 10, 2021","“The whole world, I think, is paying close attention to the activities in this city over these two weeks” – Mr. 
@peterlacy
, Global Sustainability Services Lead & Chief Responsibility Officer at 
@Accenture
. 

#OurOnlyFuture
2
4
11",https://pbs.twimg.com/media/FD14aRzWUAoEDoj?format=png&name=small,2,4,11
Accenture Retweeted,@globalcompact,2021-11-10T15:20:20.000Z,"UN Global Compact
@globalcompact
·
Nov 10, 2021","“Whether already progressing or just getting started, all of us face multi-year journeys to meet our climate goals. As we move forward, we have tremendous opportunities to learn from one another. ” – Ms. 
@JulieSweet
, Chair & CEO of 
@Accenture
. 

#OurOnlyFuture
1
9
23",https://pbs.twimg.com/media/FD14nVkXMAYt4Hz?format=png&name=small,1,9,23
Accenture,@Accenture,2021-11-02T12:00:01.000Z,"Accenture
@Accenture
·
Nov 2, 2021","To reach #netzero by 2025, we’re investing in nature-based carbon removal projects around the . Over the next 20 years, our program promises to physically remove more than 13 million metric tons of carbon. https://accntu.re/3pjjyCO #sustainability
ALT
2
8
21",https://pbs.twimg.com/media/FDL-DhAXsAICnPR?format=jpg&name=small,2,8,21
Accenture Retweeted,@rekha_m_menon,2021-11-02T07:32:12.000Z,"Rekha M Menon
@rekha_m_menon
·
Nov 2, 2021","A key finding from 
@Accenture
 and the United Nations Global Compact's report is that the effects of climate change are now a reality and the pressure to set #NetZero targets is intensifying. #Sustainability 
@globalcompact
  https://forbes.com/sites/sofialottopersio/2021/10/27/ceo-climate-change-extreme-weather-impact-business-supply-chain/?sh=1a85a0db4364… #COP26
forbes.com
CEOs Are Already Seeing The Impact Of Climate Change, Global Survey Finds
Not enough companies are taking robust action, even though pressure to set net-zero targets is intensifying.
1
12
46",https://pbs.twimg.com/card_img/1516142242729271299/WVjiz7pv?format=jpg&name=small,1,12,46
Accenture Retweeted,@BestSchoolPrize,2021-11-01T18:45:33.000Z,"World's Best School Prizes
@BestSchoolPrize
·
Nov 1, 2021","We are proud of our new partnership with 
@Accenture
 for the World’s Best School Prize for Environmental Action!

A thread!  
@peterlacy
 @VikasPota
 @T4EduC
  #COP26
1
10
36",https://pbs.twimg.com/ext_tw_video_thumb/1455240657862381573/pu/img/_qmtv23Il8ljmqdr.jpg,1,10,36
Accenture,@Accenture,2021-11-01T18:00:13.000Z,"Accenture
@Accenture
·
Nov 1, 2021","Meet Dr. Isi—a testimony that you, too, can architect your future in tech at Accenture. Read on to see how you can work like Dr. Isi: https://accntu.re/3jk1pB5 #CareersAZ
0:20
650 views
5
13",https://pbs.twimg.com/media/FDIG6DDXsAcl0ky.jpg,,5,13
Accenture,@Accenture,2021-11-01T16:00:16.000Z,"Accenture
@Accenture
·
Nov 1, 2021","#COP26 represents the world’s last best chance to help build a sustainable future for all. With the right partners, tools, and ideas, we’ll become an unstoppable force. Join us: https://accntu.re/2ZLjPUJ
12
28",https://pbs.twimg.com/amplify_video_thumb/1455202979024416770/img/e2hPljA9XsD3FC_g.jpg,,12,28
Accenture Retweeted,@James_BG,2021-11-01T15:13:58.000Z,"James Murray
@James_BG
·
Nov 1, 2021","Massive new survey of CEOs from 
@Accenture
 and 
@globalcompact
 reveals net zero is basically the new normal, but urgent action needed to give corporates the policy framework to drive decarbonisation. https://businessgreen.com/news/4039558/cop26-ceos-unequivocally-bolder-government-climate-action-net-zero-goals-normal… #COP26
businessgreen.com
COP26: CEOs 'unequivocally call' for bolder government climate action, as net zero goals become new...
Global survey finds just 18 per cent of CEOs think policymakers have given them the clarity they need to meet climate goals
3
33
76",https://pbs.twimg.com/card_img/1518920229346492417/dpp5KWYH?format=jpg&name=small,3,33,76
Accenture,@Accenture,2021-11-01T13:31:00.000Z,"Accenture
@Accenture
·
Nov 1, 2021"," Uncover the possibilities in every direction with 360˚ Value. https://accntu.re/3lfqRJ8 #LetThereBeChange
accenture.com
Experience 360˚ Value
2
10",https://pbs.twimg.com/media/FBBLJ10WQAAOiO9?format=png&name=small,,2,10
Accenture,@Accenture,2021-10-19T15:00:09.000Z,"Accenture
@Accenture
·
Oct 19, 2021"," How can you embed #sustainability and social responsibility into the fabric of your organization?

Here's how to go from having good intentions to delivering on them: https://accntu.re/2YYmNor #BusinessFutures2021
2
26",https://pbs.twimg.com/amplify_video_thumb/1450476843962970118/img/kxE6Mgl3mndXVe8T.jpg,,2,26
Accenture,@Accenture,2021-10-19T13:00:18.000Z,"Accenture
@Accenture
·
Oct 19, 2021","See how companies that reach beyond traditional business goals are leapfrogging their peers by finding value for more stakeholders: https://accntu.re/3vfJjVy
4
20",https://pbs.twimg.com/media/FCEFl7iWYAcA9N2.jpg,,4,20
Accenture,@Accenture,2021-10-18T17:00:07.000Z,"Accenture
@Accenture
·
Oct 18, 2021"," The power of partnerships 

With multiparty systems, companies can gain greater resilience and adaptability to meet changing customer needs. Our #TechVision2021 trend shows how to unlock the potential of ecosystems: https://accntu.re/3p6Q7DO
5
17",https://pbs.twimg.com/amplify_video_thumb/1450144647217651715/img/YT6O2-RGgwcgCroJ.jpg,,5,17
Accenture,@Accenture,2021-10-18T13:00:16.000Z,"Accenture
@Accenture
·
Oct 18, 2021","Meet Joe Depa. His resiliance after loss forged a path to a fulfilling career in applied intelligence. See his story: https://accntu.re/2YRDfGC #CareersAZ
0:19
751 views
3
12",https://pbs.twimg.com/profile_images/1422639280900423684/eqG8iwcG_normal.jpg,,3,12
Accenture Retweeted,@poddersanjay,2021-10-17T14:41:57.000Z,"sanjaypodder
@poddersanjay
·
Oct 17, 2021","Join me with 
@RalphHaupter
 , 
@AndyCWales
 , & the 
@gsfcommunity
  at our 'Achieving a Sustainable Future through Technology' session on Nov 4th to explore the #sustainability impacts of the #cloud and green software. Register here by the 29th! https://accntu.re/3vbIMDX
12
27",https://pbs.twimg.com/media/FB6JTcoVIAgxEVf?format=jpg&name=small,,12,27
Accenture,@Accenture,2021-10-18T09:00:02.000Z,"Accenture
@Accenture
·
Oct 18, 2021"," Uncover value
 Discover new opportunities
 #LetThereBeChange
https://accntu.re/3lfqRJ8
accenture.com
See what's possible with 360˚ Value
4
17",https://pbs.twimg.com/amplify_video_thumb/1445734975064711169/img/D85SQCOAgFkqJCge?format=jpg&name=small,,4,17
Accenture,@Accenture,2021-10-04T10:15:06.000Z,"Accenture
@Accenture
·
Oct 4, 2021","Your burning questions about implementing AI-powered automation—answered. 

Pre-order your copy of The Automation Advantage: https://accntu.re/3D1zSeV
1
3
14",https://pbs.twimg.com/amplify_video_thumb/1444969295977619456/img/RYIJldnVCKmlk52_.jpg,1,3,14
Accenture,@Accenture,2021-10-01T19:00:02.000Z,"Accenture
@Accenture
·
Oct 1, 2021","The pandemic fast-forwarded technology —and there's no sign of stopping .

Here's what's coming next: https://accntu.re/3Fjwuye #TechVision2021
ALT
1
4
11",https://pbs.twimg.com/media/FAorUAHXoAQ6V0K?format=jpg&name=small,1,4,11
Accenture,@Accenture,2021-10-01T13:00:03.000Z,"Accenture
@Accenture
·
Oct 1, 2021","For your weekend listening list! Our #BuiltForChange podcast series features inspiring stories of companies reinventing business as they build it.

 Listen here: https://accntu.re/3mgyfDk
ALT
2
16",https://pbs.twimg.com/media/FAnY7DZXsAI67AL?format=jpg&name=small,,2,16
Accenture,@Accenture,2021-09-30T19:00:04.000Z,"Accenture
@Accenture
·
Sep 30, 2021","There’s a lot of conversation about what work will look like in a post-COVID world. These are the five beliefs about the future of work and why they are flawed: https://accntu.re/3kC656c
3
9
31",https://pbs.twimg.com/media/FAjhuYQXMAc_SnX?format=jpg&name=small,3,9,31
Accenture,@Accenture,2021-09-30T18:06:00.000Z,"Accenture
@Accenture
·
Sep 30, 2021","We're happy to be working with 
@WEF
 to lay the groundwork for a new norm—leadership teams that are purpose-built to deliver #sustainable growth.
World Economic Forum
@wef
 · Sep 25, 2021
How responsible leaders can create sustainable organizations that deliver value and impact for all https://wef.ch/2XWHr7W @accenture #SDIS21
14
54",https://pbs.twimg.com/media/FAFs5P5XoAU23mD?format=png&name=small,,14,54
Accenture,@Accenture,2021-09-30T17:00:07.000Z,"Accenture
@Accenture
·
Sep 30, 2021","Our incredible people follow their purpose to make a lasting impact. Find your next career opportunity and explore our stories of change from A to Z. https://accntu.re/3AF3vCa #CareersAZ
4
25",https://pbs.twimg.com/amplify_video_thumb/1443621666777714689/img/aW2SyaPHwl4AOLW-.jpg,,4,25
Accenture,@Accenture,2021-09-29T15:00:09.000Z,"Accenture
@Accenture
·
Sep 29, 2021","Strategic leaders understand the need to balance #Cloud Continuum ambitions with priorities that keep the business focused. Learn more: https://accntu.re/2XMUbO8
4
23",https://pbs.twimg.com/amplify_video_thumb/1443229086093123586/img/av00dUZ-3Pkv3HS0.jpg,,4,23
Accenture,@Accenture,2021-09-17T12:00:02.000Z,"Accenture
@Accenture
·
Sep 17, 2021","For your weekend listening list! Our #BuiltForChange podcast series features inspiring stories of companies reinventing business as they build it.

 Listen here: https://accntu.re/3lbQtp5
ALT
2
11",https://pbs.twimg.com/media/E_fE7OfXEAcadSM?format=jpg&name=small,,2,11
Accenture,@Accenture,2021-09-16T17:08:01.000Z,"Accenture
@Accenture
·
Sep 16, 2021","What’s driving purchase decisions post-pandemic? Our research reveals 5 rising consumer motivations:
 
  Health & safety 
  Service & personal care 
  Ease and convenience 
  Product origin 
  Trust & reputation 
 
Learn more: https://accntu.re/3hkM5mS #CustomerExperience
ALT
1
4
17",https://pbs.twimg.com/media/E_bB0_mXIAUU3__?format=jpg&name=small,1,4,17
Accenture,@Accenture,2021-09-16T16:00:11.000Z,"Accenture
@Accenture
·
Sep 16, 2021","Sustainability = the new barometer of success. Here's how the #forerunners from growth markets are becoming environmental stewards that benefit all stakeholders: https://accntu.re/3E30fCG
1
10",https://pbs.twimg.com/media/E_ayTZUXMAMwstR.jpg,,1,10
Accenture,@Accenture,2021-09-16T13:10:06.000Z,"Accenture
@Accenture
·
Sep 16, 2021","Our incredible people follow their purpose to make a lasting impact. Find your next career opportunity and explore our stories of change from A to Z. https://accntu.re/2X5BTaY #CareersAZ
0:15
891 views
1
3
15",https://pbs.twimg.com/profile_images/1422639280900423684/eqG8iwcG_normal.jpg,1,3,15
Accenture,@Accenture,2021-09-15T18:00:01.000Z,"Accenture
@Accenture
·
Sep 15, 2021","How can companies make the leap to take the lead? Accelerate tech adoption in 3 key ways. More in our report: https://accntu.re/3z0GI22
ALT
6
15",https://pbs.twimg.com/media/E_WEJCPXEAYLfhr?format=jpg&name=small,,6,15
Accenture,@Accenture,2021-09-15T16:00:11.000Z,"Accenture
@Accenture
·
Sep 15, 2021","What are the seven key trends shaping the future of business, tech and design? Find them in our #FjordTrends report: https://accntu.re/2XhWAQK
8
17",https://pbs.twimg.com/media/E_VotmlXEAcDURV.jpg,,8,17
Accenture,@Accenture,2021-09-15T14:08:12.000Z,"Accenture
@Accenture
·
Sep 15, 2021","Equity is not only important, it’s also good for the bottom line. Hear how representation in sports, music, advertising, entertainment translates to good business: https://accntu.re/38VPsvN
3
16",https://pbs.twimg.com/amplify_video_thumb/1438142563056242688/img/8FCwFthR2AqZfKBU.jpg,,3,16
Accenture,@Accenture,2021-09-01T12:00:01.000Z,"Accenture
@Accenture
·
Sep 1, 2021","Some will watch the world change. 
Some will lead it. 

#TechVision2021: Leaders wanted. https://accntu.re/3ynD9m7
ALT
3
15",https://pbs.twimg.com/media/E-MrfKJWUAUmGuB?format=jpg&name=small,,3,15
Accenture,@Accenture,2021-08-31T16:02:07.000Z,"Accenture
@Accenture
·
Aug 31, 2021","A #Cloud Continuum strategy can help you realize your business potential. Read our recent report and bring our vision to life: https://accntu.re/2WG1abl
7
26",https://pbs.twimg.com/amplify_video_thumb/1432735434690420737/img/6JdOsvuKsd1oGKo5.jpg,,7,26
Accenture,@Accenture,2021-08-31T05:00:02.000Z,"Accenture
@Accenture
·
Aug 31, 2021","How can we enable Smart Work Anywhere? Test low-fi solutions that focus on culture and responsibility across physical and digital spaces. https://accntu.re/3ymk8AK
ALT
2
2
27",https://pbs.twimg.com/media/E-GBxIFXsAk--Ql?format=jpg&name=small,2,2,27
Accenture,@Accenture,2021-08-30T16:00:01.000Z,"Accenture
@Accenture
·
Aug 30, 2021","Traditional roles for spaces have been overturned, as have long-established behavioral patterns. How—and what—do brands need to do to adapt? https://accntu.re/3gFKgjZ #FjordTrends
ALT
2
15",https://pbs.twimg.com/media/E-DPPVaWEAYbWim?format=jpg&name=small,,2,15
Accenture,@Accenture,2021-08-30T15:20:15.000Z,"Accenture
@Accenture
·
Aug 30, 2021","Price and quality still matter, but today’s global consumers have new motivations to consider. Our report shows how brands can speak to the values of “Reimagined” consumers—or risk losing them. https://accntu.re/3jDMVNs #CustomerExperience
4
20",https://pbs.twimg.com/media/E-DGIgxWUAQBYeT.png,,4,20
Accenture,@Accenture,2021-08-30T14:33:09.000Z,"Accenture
@Accenture
·
Aug 30, 2021"," More orders
 Smaller footprint
 Less waste

See how companies are breaking the physical limits of their supply chains and enabling more effective order fulfillment: https://accntu.re/3ytho4u #BusinessFutures2021
3
13",https://pbs.twimg.com/amplify_video_thumb/1432350659903475721/img/67gdIJTcjTJ4tsYV.jpg,,3,13
Accenture,@Accenture,2021-08-26T17:52:00.000Z,"Accenture
@Accenture
·
Aug 26, 2021","Sustainable development drives resilience and unlocks value for both businesses and society. Our new report shares 3 key investment areas for competitiveness and future success. https://accntu.re/3DeJBjc https://accntu.re/3DeJBjc
6
22",https://pbs.twimg.com/profile_images/1422639280900423684/eqG8iwcG_normal.jpg,,6,22
Accenture,@Accenture,2021-08-26T15:08:34.000Z,"Accenture
@Accenture
·
Aug 26, 2021","What are the seven key trends shaping the future of business, tech and design? Find them in our #FjordTrends report: https://accntu.re/3kbtdHl
6
25",https://pbs.twimg.com/media/E9udGPzXsAAEphu.jpg,,6,25
Accenture,@Accenture,2021-08-17T14:02:01.000Z,"Accenture
@Accenture
·
Aug 17, 2021","Some will watch the world change. 
Some will lead it. 

#TechVision2021: Leaders wanted. https://accntu.re/37AwYQK
ALT
5
19",https://pbs.twimg.com/media/E8_3j4jXMAQ-gQr?format=jpg&name=small,,5,19
Accenture,@Accenture,2021-08-16T18:00:01.000Z,"Accenture
@Accenture
·
Aug 16, 2021","“Reimagined” consumers are ready to abandon brands that don’t support their evolving values—and pay more for those that do.

Our new report reveals what matters most: https://accntu.re/2UmEXxP #CustomerExperience #BrandLoyalty
accenture.com
Changing Consumer Motivations & Expectations | Accenture
Accenture identifies top trends in consumer expectations & buying behavior, as shifting priorities impact preferences, motivations & shopping habits. Read more.
1
4
12",https://pbs.twimg.com/card_img/1517047070619672576/czM5a4Yb?format=jpg&name=small,1,4,12
Accenture,@Accenture,2021-08-16T15:00:02.000Z,"Accenture
@Accenture
·
Aug 16, 2021","How can organizations make sense of today's new realities and successfully navigate the path forward? Start here: https://accntu.re/3m8A4Eg #BusinessFutures2021
ALT
19
4
24",https://pbs.twimg.com/media/E867QCJXIAAzTjk?format=jpg&name=small,19,4,24
Accenture,@Accenture,2021-08-16T11:00:01.000Z,"Accenture
@Accenture
·
Aug 16, 2021","Designing a future work experience for positive behavior change means an employee/employer relationship built on trust and inclusiveness. Here’s how to reset the boundaries. https://accntu.re/3fY4rci
2
9
30",https://pbs.twimg.com/media/E86EUR9X0AcbmPV?format=jpg&name=small,2,9,30
Accenture,@Accenture,2021-08-13T15:43:12.000Z,"Accenture
@Accenture
·
Aug 13, 2021","Our new report reveals 4 key tenets Continuum Competitors share to unleash competitiveness on the #cloud: https://accntu.re/3iFb6de
6
16",https://pbs.twimg.com/amplify_video_thumb/1426207671036809219/img/H0hSv9BHtz2-iLUs.jpg,,6,16
Accenture,@Accenture,2021-08-12T18:00:07.000Z,"Accenture
@Accenture
·
Aug 12, 2021"," Businesses are using data analytics and #AI to shape strategies that anticipate the future. 

See how in our #BusinessFutures2021 report: https://accntu.re/3k2ckPx
1
7
28",https://pbs.twimg.com/amplify_video_thumb/1425879762594115589/img/Wz6N5hOAOAzydFBV.jpg,1,7,28
Accenture,@Accenture,2021-08-12T16:47:29.000Z,"Accenture
@Accenture
·
Aug 12, 2021","Historically, grief hasn't had a space in typical workplace conversations—but, as our 
@RahulVarma
 shares, it's time for that to change.
Rahul Varma
@rahulvarma123
 · Aug 9, 2021
Check out my latest article: Healing conversations at work (and why we need them) https://linkedin.com/pulse/healing-conversations-work-why-we-need-them-rahul-varma… via @LinkedIn
3
19",https://pbs.twimg.com/profile_images/724950363246329856/RkO2JPGN_mini.jpg,,3,19
Accenture,@Accenture,2021-08-12T14:00:14.000Z,"Accenture
@Accenture
·
Aug 12, 2021","While 9 out of 10 companies are lagging in the race to prepare for the future, a few are going the distance. Meet the #Forerunners: https://accntu.re/3imPAdb
1
1
14",https://pbs.twimg.com/media/E8mHMKaVIAcutYP.jpg,1,1,14
Accenture,@Accenture,2021-07-29T17:00:19.000Z,"Accenture
@Accenture
·
Jul 29, 2021","Price and quality still matter, but today’s global consumers have new motivations to consider. Our report shows how brands can speak to the values of “Reimagined” consumers—or risk losing them. https://accntu.re/3rrvtxz #CX
1
5",https://pbs.twimg.com/amplify_video_thumb/1420791251947991042/img/I2rcW0DTHDW2lDoM.jpg,,1,5
Accenture,@Accenture,2021-07-29T13:08:01.000Z,"Accenture
@Accenture
·
Jul 29, 2021","Some will watch the world change. 
Some will lead it. 

#TechVision2021: Leaders wanted. https://accntu.re/3eM8lop
ALT
3
10",https://pbs.twimg.com/media/E7d0_uDXMAIoAUR?format=jpg&name=small,,3,10
Accenture,@Accenture,2021-07-28T18:00:00.000Z,"Accenture
@Accenture
·
Jul 28, 2021","What’s beyond #cloud migration? A continuum of opportunities and innovation. Learn more: https://accntu.re/3iBhKA1
accenture.com
4 Keys to Cloud Continuum Success | Accenture
Accenture outlines how the cloud continuum creates a seamless technology and capability foundation that leads to cloud success. Read more.
2
5",https://pbs.twimg.com/card_img/1517200435962351616/DMTSwiVM?format=jpg&name=small,,2,5
Accenture,@Accenture,2021-07-28T17:00:01.000Z,"Accenture
@Accenture
·
Jul 28, 2021","What’s driving purchase decisions post-pandemic? Our research reveals 5 rising consumer motivations:
 
  Health & safety 
  Service & personal care 
  Ease and convenience 
  Product origin 
  Trust & reputation 
 
Learn more: https://accntu.re/3Bziw9g #CustomerExperience
ALT
1
4
11",https://pbs.twimg.com/media/E7ZggUuWEAEVcfp?format=jpg&name=small,1,4,11
Accenture,@Accenture,2021-07-28T14:00:13.000Z,"Accenture
@Accenture
·
Jul 28, 2021","Becoming a #BusinessOfExperience requires a mindset shift with a holistic focus on the full customer journey to drive growth. https://accntu.re/3iBWTww.
2
9",https://pbs.twimg.com/media/E7Y3WeWX0AU1Xkm.jpg,,2,9
Accenture,@Accenture,2021-07-28T12:30:01.000Z,"Accenture
@Accenture
·
Jul 28, 2021","Every time customers interact with you, they bring a purpose, problem or need. Are you prepared to deliver? https://accntu.re/3f48inT #BusinessOfExperience #AI
1
3
21",https://pbs.twimg.com/media/E7YitM3XMAAuU04?format=jpg&name=small,1,3,21
Accenture,@Accenture,2021-07-27T19:02:00.000Z,"Accenture
@Accenture
·
Jul 27, 2021","Trust values are powerful enough to influence brand switching and willingness to spend more on brands that align to customers' shared values. Our research explains 5 motivators that matter to consumers when doing business with brands. Via 
@Forbes
forbes.com
Integrity Is Becoming The Most Powerful Product Attribute In Food. No Greenwashing Here.
Trust appears to be the prevailing priority for businesses of all sizes across a variety of industry segments. In the food business there's no hiding from the ingredients label however brand values...
5
19",https://pbs.twimg.com/card_img/1516972569559281666/vEfd5DyV?format=jpg&name=small,,5,19
Accenture,@Accenture,2021-07-07T15:15:01.000Z,"Accenture
@Accenture
·
Jul 7, 2021","What’s driving purchase decisions post-pandemic? Our research reveals 5 rising consumer motivations:
 
  Health & safety 
  Service & personal care 
  Ease and convenience 
  Product origin 
  Trust & reputation 
 
Learn more: https://accntu.re/3qIuo47 #CustomerExperience
ALT
2
13",https://pbs.twimg.com/media/E5s_FpeXIAMhr0F?format=jpg&name=small,,2,13
Accenture,@Accenture,2021-07-06T18:11:02.000Z,"Accenture
@Accenture
·
Jul 6, 2021","Companies are leaping ahead of their peers by reframing their mindset toward innovation. More in our report: https://accntu.re/3vYuDZv #DigitalTransformation
ALT
1
4
12",https://pbs.twimg.com/media/E5odx-TXwAIe0X-?format=jpg&name=small,1,4,12
Accenture,@Accenture,2021-07-06T14:00:00.000Z,"Accenture
@Accenture
·
Jul 6, 2021","“In the #BusinessOfExperience, you begin with what the customer values.”

 
@MircoHering
 shares why putting people at the center is simple—yet radical: https://accntu.re/3dvG5FL #BuiltForChange
medium.accenture.com
What connects Agile and DevOps to customer experience?
I love a good podcast. And, as a global transformation leader, I know I should deliberately make the time for new ideas — but as a father…
2
2
11",https://pbs.twimg.com/card_img/1517202421155770368/16thu-EU?format=jpg&name=small,2,2,11
Accenture,@Accenture,2021-07-05T17:00:00.000Z,"Accenture
@Accenture
·
Jul 5, 2021","We surveyed 2,650 C-suite executives,
tapped into 400+ researchers
and leveraged research methods like data science…

...to uncover key Signals to help business leaders navigate what's next. Introducing the #BusinessFutures2021 report: https://accntu.re/3qmiUTs
1
3
28",https://pbs.twimg.com/profile_images/1422639280900423684/eqG8iwcG_normal.jpg,1,3,28
Accenture,@Accenture,2021-07-05T14:00:12.000Z,"Accenture
@Accenture
·
Jul 5, 2021","See how companies that reach beyond traditional business goals are leapfrogging their peers by finding value for more stakeholders: https://accntu.re/3gfUJmi
0:15
1,032 views
1
2
15",https://pbs.twimg.com/profile_images/1422639280900423684/eqG8iwcG_normal.jpg,1,2,15
Accenture,@Accenture,2021-07-02T18:02:01.000Z,"Accenture
@Accenture
·
Jul 2, 2021","For your weekend listening list! Our #BuiltForChange podcast series features inspiring stories of companies reinventing business as they build it.

 Listen here: https://accntu.re/3dbOy0K
ALT
1
4
12",https://pbs.twimg.com/media/E5T1XBIWQAg3ngg?format=jpg&name=small,1,4,12
Accenture,@Accenture,2021-07-02T14:13:21.000Z,"Accenture
@Accenture
·
Jul 2, 2021","When you see value in every direction, you add value in every direction. https://accntu.re/3waGO5B #LetThereBeChange
accenture.com
Find 360° Value
2
7
9",https://pbs.twimg.com/media/E5S5M8mXMAU51vU?format=jpg&name=small,2,7,9
Accenture Retweeted,@mobileworldlive,2021-07-01T12:30:06.000Z,"Mobile World Live
@mobileworldlive
·
Jul 1, 2021","Annette Rippert, Group Chief Executive – Strategy & Consulting, 
@Accenture
, discusses the biggest trends she sees impacting the #mobile industry, how the pandemic has impacted business & consumers, and how we can best support their changed & changing needs https://mobileworldlive.com/latest-stories/special-report-accenture…
1
4
11",https://pbs.twimg.com/ext_tw_video_thumb/1410575202443014149/pu/img/ioapLH6IlHns5Efc.jpg,1,4,11
Accenture,@Accenture,2021-06-15T16:34:01.000Z,"Accenture
@Accenture
·
Jun 15, 2021","Traditional roles for spaces have been overturned, as have long-established behavioral patterns. How—and what—do brands need to do to adapt? https://accntu.re/3veKwuH #FjordTrends
ALT
2
2
15",https://pbs.twimg.com/media/E37-MLZWUAEhlZz?format=jpg&name=small,2,2,15
Accenture,@Accenture,2021-06-14T16:00:13.000Z,"Accenture
@Accenture
·
Jun 14, 2021","Human care is finding its way to the  of how businesses operate. Explore how the #Forerunners are embracing people-centric approaches: https://accntu.re/3iwzcaJ
2
6
17",https://pbs.twimg.com/media/E32s3IUXEAMIDEO.jpg,2,6,17
Accenture,@Accenture,2021-06-14T13:04:21.000Z,"Accenture
@Accenture
·
Jun 14, 2021","We're excited to announce that we will be welcoming umlaut to our #IndustryX family. Together, we’ll help clients apply the power of data and digital to the way products are designed, engineered and manufactured. https://accntu.re/35wWVjn #industry40 #IIoT
newsroom.accenture.com
Accenture is acquiring engineering consulting and services firm umlaut to expand its Industry X...
Accenture is acquiring engineering consulting and services firm umlaut to expand its Industry X services
3
14
48",https://pbs.twimg.com/card_img/1516838294356512769/a0MnDFc_?format=jpg&name=small,3,14,48
Accenture,@Accenture,2021-06-11T17:31:33.000Z,"Accenture
@Accenture
·
Jun 11, 2021","Becoming a #BusinessOfExperience requires a mindset shift with a holistic focus on the full customer journey to drive growth. https://accntu.re/3pJAIHW.
0:18
1,104 views
1
4
22",https://pbs.twimg.com/profile_images/1422639280900423684/eqG8iwcG_normal.jpg,1,4,22
Accenture,@Accenture,2021-06-11T14:00:07.000Z,"Accenture
@Accenture
·
Jun 11, 2021","This #PrideMonth, we remember that Pride is much more than a celebration. Discover what Pride means at Accenture: https://accntu.re/3fZxFIq
1
15
40",https://pbs.twimg.com/amplify_video_thumb/1403351315980357633/img/MkSRBezlp2DmLREv.jpg,1,15,40
Accenture,@Accenture,2021-06-10T15:01:02.000Z,"Accenture
@Accenture
·
Jun 10, 2021","The pandemic accelerated technology adoption at light speed —and served as a wake-up call for many companies to focus on faster transformation. 

More in ep. 2 of our podcast, #BuiltForChange : https://accntu.re/3cw2Dpj #TechVision2021 
@pauldaugh
ALT
2
5
23",https://pbs.twimg.com/media/E3h49KzUYAAFg3B?format=jpg&name=small,2,5,23
Accenture,@Accenture,2021-06-10T12:00:21.000Z,"Accenture
@Accenture
·
Jun 10, 2021"," The essential radar every leader needs to see and seize the future. Introducing our #BusinessFutures2021 report: https://accntu.re/352qedj
1
6
34",https://pbs.twimg.com/media/E3hPmvYXMAAf_vf.jpg,1,6,34
Accenture,@Accenture,2021-05-20T14:00:07.000Z,"Accenture
@Accenture
·
May 20, 2021","While 9 out of 10 companies are lagging in the race to prepare for the future, a few are going the distance. Meet the growth market's #Forerunners: https://accntu.re/33wDmGR
5
19",https://pbs.twimg.com/media/E11hoSjWYAUQBFK.jpg,,5,19
Accenture Retweeted,@MSCloud,2021-05-19T16:00:11.000Z,"Microsoft Cloud
@MSCloud
·
May 19, 2021","Join 
@Accenture
 CEO 
@JulieSweet
 and other business leaders for a conversation on digital transformation at #Envision on June 15: https://msft.it/6012VaboG
1
42
63",https://pbs.twimg.com/media/E1wzhb0WUAMsDVA.jpg,1,42,63
Accenture,@Accenture,2021-05-19T15:34:01.000Z,"Accenture
@Accenture
·
May 19, 2021","Traditional roles for spaces have been overturned, as have long-established behavioral patterns. How—and what—do brands need to do to adapt? https://accntu.re/3eWLd79 #FjordTrends
ALT
1
6
19",https://pbs.twimg.com/media/E1wtiCjWUAAVJSk?format=jpg&name=small,1,6,19
Accenture,@Accenture,2021-05-19T13:41:13.000Z,"Accenture
@Accenture
·
May 19, 2021"," No matter what kind of first you hope to achieve for your business, #CloudFirst helps you get to value first : https://accntu.re/3hod9Ch
0:14
841 views
1
3
18",https://pbs.twimg.com/profile_images/1422639280900423684/eqG8iwcG_normal.jpg,1,3,18
Accenture,@Accenture,2021-05-18T15:52:01.000Z,"Accenture
@Accenture
·
May 18, 2021","AI-powered advances—like predictive text and voice recognition—can contribute to a more inclusive, accessible work environment. Read more: https://accntu.re/3opQcjP
ALT
15
47",https://pbs.twimg.com/media/E1roD-QWYAQO0T4?format=jpg&name=small,,15,47
Accenture Retweeted,@Accenture_US,2021-05-18T13:19:30.000Z,"Accenture US
@Accenture_US
·
May 18, 2021","Companies can drive change and help create a sustainable future—and we’re proud to be named to the 
@3BLMedia
 Best Corporate Citizens list again this year. https://accntu.re/3win3JM
8
29",https://pbs.twimg.com/media/E1rFJy8XsAQQ4Bw?format=jpg&name=small,,8,29
Accenture Retweeted,@AccentureCmty,2021-05-17T16:51:39.000Z,"Accenture Community
@AccentureCmty
·
May 17, 2021","Today is May 17th, also known as #IDAHOT, a day for raising awareness about—and preventing—LGBTQ+ discrimination. Our Beck Bailey shares the history of how it came to be: https://accntu.re/3wcaHTx #IDAHOBIT #PrideAtAccenture
ALT
10
27",https://pbs.twimg.com/media/E1msGE7XIAA1wKO?format=png&name=small,,10,27
Accenture,@Accenture,2021-04-27T14:21:18.000Z,"Accenture
@Accenture
·
Apr 27, 2021","Change is all around us. Whether it's seismic or small, we can make it work for you and your business: https://accntu.re/3u0vvg4
6
21",https://pbs.twimg.com/media/Ez_J5oSVIAkYPor.jpg,,6,21
Accenture,@Accenture,2021-04-26T15:45:18.000Z,"Accenture
@Accenture
·
Apr 26, 2021","Wherever your business goes, you need cybersecurity that covers it all. See how we can help: https://accntu.re/32Pn8Is
1
4
23",https://pbs.twimg.com/media/Ez6Ti_fXIAAzQsu.jpg,1,4,23
Accenture,@Accenture,2021-04-26T13:17:10.000Z,"Accenture
@Accenture
·
Apr 26, 2021","Today, we celebrate #LesbianDayOfVisibility! Christie shares how she supports the next generation of LGBT+ leaders—and how you can, too: https://accntu.re/3nmhOpc
ALT
1
12
56",https://pbs.twimg.com/media/Ez5xpLxWQAIxbm1?format=jpg&name=small,1,12,56
Accenture,@Accenture,2021-04-25T21:00:21.000Z,"Accenture
@Accenture
·
Apr 25, 2021","No matter your business, Cloud First helps you achieve your value first. See what's possible: https://accntu.re/3xlPvvF
0:28
6,132 views
4
23
57",https://pbs.twimg.com/profile_images/1422639280900423684/eqG8iwcG_normal.jpg,4,23,57
Accenture,@Accenture,2021-04-23T13:12:13.000Z,"Accenture
@Accenture
·
Apr 23, 2021","Sustainability = the new barometer of success. Here's how the #forerunners from growth markets are becoming environmental stewards that benefit all stakeholders: https://accntu.re/3veppZZ
1
4
18",https://pbs.twimg.com/media/EzqTvTrXoAcEdE_.jpg,1,4,18
Accenture,@Accenture,2021-04-23T12:54:17.000Z,"Accenture
@Accenture
·
Apr 23, 2021","Come help us make incredible experiences for people everywhere. https://accntu.re/3vaCqDA
4
18",https://pbs.twimg.com/media/EzqPomLXMAUkeCK.jpg,,4,18
Accenture,@Accenture,2021-04-22T15:04:23.000Z,"Accenture
@Accenture
·
Apr 22, 2021","Every day is Earth Day. We’re committed to climate action and achieving net-zero emissions by 2025. Learn more: https://accntu.re/2QrMGZo #EarthDay
ALT
1
23
57",https://pbs.twimg.com/media/Ezlj0wsWQAEV1-o?format=jpg&name=small,1,23,57
Accenture,@Accenture,2021-04-15T15:07:00.000Z,"Accenture
@Accenture
·
Apr 15, 2021","See how #IntelligentOperations can transform your business  (no actual  required). https://accntu.re/3x0uBC8
4
22",https://pbs.twimg.com/amplify_video_thumb/1382711969178869760/img/MRR7i2CVpZ9q5lTi.jpg,,4,22
Accenture,@Accenture,2021-04-14T18:04:08.000Z,"Accenture
@Accenture
·
Apr 14, 2021","Empower your people and transform your business with #IntelligentOperations. https://accntu.re/2QgZKAy
6
26",https://pbs.twimg.com/amplify_video_thumb/1382394224331620353/img/pe3PTnEX0ZKCz2Cd.jpg,,6,26
Accenture Retweeted,@MSCloud,2021-04-02T17:00:11.000Z,"Microsoft Cloud
@MSCloud
·
Apr 2, 2021","Why is #ZeroTrust so important for enterprise security? Find out from 
@AccentureSecure
 Global Managing Director 
@ckellybissell
 and Microsoft Security CVP 
@vasujakkal
 at #Envision: https://msft.it/6014VVrvw
2
20
32",https://pbs.twimg.com/media/Ex--h-7XMAQn0hV.jpg,2,20,32
Accenture,@Accenture,2021-04-14T08:49:58.000Z,"Accenture
@Accenture
·
Apr 14, 2021","Which tech trend do you think will have the biggest impact on businesses in the next 3 years?
Custom technology stacks
8.9%
Multiparty ecosystems
24.3%
Intelligent digital twins
16.6%
Virtualized workforce
50.2%
259 votes
·
Final results
2
5
15",https://pbs.twimg.com/profile_images/1422639280900423684/eqG8iwcG_normal.jpg,2,5,15
Accenture,@Accenture,2021-04-14T08:55:12.000Z,"Accenture
@Accenture
·
Apr 14, 2021","Want to find out more? 

 Stack Strategically: https://accntu.re/2Zli2SC
 From Me to We: https://accntu.re/3rPIVtU
 Mirrored World: https://accntu.re/3dflOF3 
 Anywhere, Everywhere: https://accntu.re/2N7wDOV

#TechVision2021 report 
accenture.com
Technology Trends 2021 | Tech Vision | Accenture
Accenture's Technology Vision 2021 details emerging technology trends that will help companies get back on track & build their future post COVID-19. Read more.
3
7",https://pbs.twimg.com/card_img/1517052401634582529/siq-8Jvd?format=jpg&name=small,,3,7
